Заголовок,Краткое описание,Дата,Кол-во комментариев
Общество,Яндекс 360 обошел Microsoft 365 по числу корпоративных пользователей в России,сегодня,https://bloknot-taganrog.ru/news/yandeks-360-oboshel-microsoft-365-po-chislu-korpor#comments
Общество,Бывший губернатор расстроил жителей Таганрога и области: будут последствия?,сегодня,https://bloknot-taganrog.ru/news/byvshiy-gubernator-rasstroil-zhiteley-taganroga-i-#comments
Комментарий недели,Как будет работать новая система контроля общественного транспорта в Таганроге,сегодня,https://bloknot-taganrog.ru/news/kak-budet-rabotat-novaya-sistema-kontrolya-obshche#comments
Экономика,Таганрог вновь покоряет ценовые вершины области,сегодня,https://bloknot-taganrog.ru/news/taganrog-vnov-pokoryaet-tsenovye-vershiny-oblasti#comments
Происшествия,«Борьба» Гитлера приехала в Таганрог и была изъята,сегодня,https://bloknot-taganrog.ru/news/borba-gitlera-priekhala-v-taganrog-i-byla-izyata-#comments
Общество,«Я себе запрещаю»: таганрожцы могут установить себе запрет на кредиты,сегодня,https://bloknot-taganrog.ru/news/ya-sebe-zapreshchayu-taganrozhtsy-mogut-ustanovit-#comments
ФОТОРЕПОРТАЖ,Сами себе масленица: как таганрожцы встречали весну,сегодня,https://bloknot-taganrog.ru/news/sami-sebe-maslenitsa-kak-taganrozhtsy-vstrechali-v#comments
Общество,Христофор Ермашов покинул свой пост в Таганроге,сегодня,https://bloknot-taganrog.ru/news/khristofor-ermashov-pokinul-svoy-post-v-taganroge#comments
Общество,Весна вступает в права: что ждет Таганрог в марте,сегодня,https://bloknot-taganrog.ru/news/vesna-vstupaet-v-prava-chto-zhdet-taganrog-v-marte#comments
Общество,Гороскоп для таганрожцев на 3 марта,сегодня,https://bloknot-taganrog.ru/news/goroskop-dlya-taganrozhtsev-na-3-marta#comments
Общество,«Окончательное решение собачьего вопроса» разделило таганрожцев,вчера,https://bloknot-taganrog.ru/news/okonchatelnoe-reshenie-sobachego-voprosa-razdelilo#comments
Общество,Все больше вакансий для категории 50+ появляется в Таганроге и области,вчера,https://bloknot-taganrog.ru/news/vse-bolshe-vakansiy-dlya-kategorii-50-poyavlyaetsya#comments
АВТО,Весна идет: таганрожцам следует внимательно следить за дорогой,вчера,https://bloknot-taganrog.ru/news/vesna-idet-taganrozhtsam-sleduet-vnimatelno-sledit#comments
Общество,«Мы требуем честное расследование» - на границе Новобессергеновки и Таганрога конфликт набирает обороты,вчера,https://bloknot-taganrog.ru/news/my-trebuem-chestnoe-rassledovanie-na-granitse-novo#comments
Общество,Торосья: сравниваем вид на Таганрог с моря с разницей в полвека,вчера,https://bloknot-taganrog.ru/news/torosya-sravnivaem-vid-na-taganrog-s-morya-s-razni#comments
Общество,Хватило едва ли на два месяца: яма у Нового Вокзала в Таганроге выросла вновь,вчера,https://bloknot-taganrog.ru/news/khvatilo-edva-li-na-dva-mesyatsa-yama-u-novogo-vok#comments
Общество,Опять неизвестные пятна перед таганрогским водозабором тревожат социальные сети,вчера,https://bloknot-taganrog.ru/news/opyat-neizvestnye-pyatna-pered-taganrogskim-vodoza#comments
Общество,Таганрожцы вспоминают Прощеное воскресенье,вчера,https://bloknot-taganrog.ru/news/taganrozhtsy-vspominayut-proshchenoe-voskresene#comments
Общество,Таганрожцы продолжают выходить на лед,вчера,https://bloknot-taganrog.ru/news/taganrozhtsy-prodolzhayut-vykhodit-na-led#comments
История области,Возле Чеховской гимназии в Таганроге - признаки стройки на большой площади. Неужели очередной ТЦ?,01.03.2025,https://bloknot-taganrog.ru/news/vozle-chekhovskoy-gimnazii-priznaki-stroyki-na-bol#comments
